Full Name,Primary Phone,Work Phone,Home Phone,Other
Lee Hernandez,887.760.3231x076,301.511.5265x01002,911-797-3466x60569,604-769-3287
Gerald Robinson,(279)448-6547,001-653-398-3522,001-732-477-5636x789,693-241-9632
Michael Roberts,957.657.8518,(917)520-3149x977,385.518.1054x049,(788)538-2206x348
Kyle Aguilar,947-725-9781x82418,303-695-9948,001-951-472-6445x701,275.672.9443x382
Julie Hammond,(820)911-8211x3388,265-423-2351x712,268.254.1050x5676,001-856-799-6386x8594
Nicole Dickson,852-544-5052x456,(983)353-5456x47021,452.813.7746x9888,9939670558
Vincent Fernandez,(612)819-4198,279-351-5791x4286,418-995-1834x2247,245.566.1460x427
Kimberly Joyce,2133216471,384.555.3620x5882,(222)357-5211,+1-206-234-3959x153
Evan Ryan,001-370-826-2355x94681,001-854-689-7673x802,+1-286-374-9462x605,656.265.1313x93153
Isabella Melton,001-735-371-8770x139,346.554.8330x56823,(262)756-8271x89697,(950)602-4053x394
Autumn Davis,001-585-552-3810x52877,7437581039,(557)702-8975,001-788-562-9828x915
Shawn Wilson,404.280.5364,+1-570-331-4372x0204,(774)863-1944x6771,001-647-308-1037x33595
William Macias,+1-556-882-5593,3277019174,762.679.2204,541.538.4306
Ivan Davis,(704)775-8767x328,6922278972,628.674.7389x5440,345.227.8756x10987
Luis Moreno,221-447-2360,638-481-1027x4862,(742)462-3410,+1-276-778-6318
Gerald Miller,(245)592-1116,(865)402-4507x3052,528-475-0299x6262,+1-756-750-0250x7358
Veronica Blair,(413)220-9747,356-214-5697x61201,001-878-778-9074,232-792-1449x86238
Brad Johnson,001-409-753-2677x350,224.896.4878,001-669-399-6115,001-256-928-7682x017
Krista Warren,850.298.2078x501,788.427.6668,(330)950-4355x095,+1-690-252-0895x00507
Richard Fletcher,001-316-338-8584x300,724-414-5952,4539009335,+1-860-700-3494x844
Andre Smith,912.851.5813,955-577-3665,(568)342-1413x469,001-546-821-4642x30811
Daniel Howe,803.782.5225x910,+1-765-566-3543x62174,875-518-7811x572,338.742.4235
Michael Green,3244354723,812.525.1806,+1-810-875-3118x101,(987)336-1253x419
Noah Pugh,+1-804-558-8327,310.650.1545x20888,(267)566-6066x294,8722165167
Adam Olsen,(541)631-0218x3918,+1-703-773-4616x8283,870.516.3065,4465198246
Angela Gutierrez,(678)984-2010x918,5087862740,001-358-590-0002x5599,001-527-390-7313x4973
Leslie Parker,7026985354,462-213-0685,+1-700-419-5615,001-524-550-5016x5054
Justin Montgomery,+1-339-943-5920x534,(768)669-8756,359-680-5849x569,837.719.5703
Nancy Ray,642.691.0699,644-678-0846x67517,845-713-3206,001-807-305-7639x37938
Sara Sparks,001-677-396-9684x892,(280)815-0578x60072,001-416-889-0520x9600,498-397-7093
Bryan Williamson,(972)433-1495x68771,2482336228,508.938.1926x782,+1-971-506-9700x2024
Jessica Hunt,+1-976-269-8965x011,+1-246-539-8433x5843,250-838-2160x794,800.656.6279x267
Debra Thomas,(844)706-8794x69354,001-306-706-7711,+1-838-568-6174x2486,612.874.1263
Maurice Wolf,(982)750-6241x66339,(951)987-1413x8896,+1-539-336-6159,+1-262-859-0103
Rachel Leon,654.778.4671x746,272.622.5185,326-560-2986x2403,954.853.3950x880
Andrea Carr,(664)921-9127x360,213-501-1393,632-797-7571x731,9969661338
Robert Martinez,992-833-8401x489,787.935.8398x00702,874-426-8535x5906,609.524.5911x80094
Aaron Kennedy,(282)745-2091,(863)546-2806x701,+1-517-521-9511x9677,(543)736-4233
Scott Lewis,(217)786-2096x9919,001-925-239-8242,+1-998-762-3675x9936,(332)445-9673x74772
Dustin Stewart,376.499.1363x58077,377.427.5562x393,001-654-934-8224x54410,3014056231
Justin Riley,226-253-9900,490.690.2337,(364)478-3284,(341)420-8171x2030
Richard Wilkerson,+1-587-201-4723,(297)582-6723x0747,229.710.7550x76147,200.917.8029x19282
Stephanie Hall,(451)534-2051x252,794.325.8048x902,717.765.7917,549.868.6310x31165
Matthew Scott,(945)268-8324,(891)938-8174,001-539-259-7641x208,(601)226-8171x47344
Stephen Davis,001-219-508-8090x3235,953-486-4164x14930,(690)549-5555x02516,740.397.1261x88890
Brent Allen,239-309-7903x629,775-632-2849x3816,419.733.0679x9430,550-961-2076x400
Michelle Compton,461-720-2292x94983,991.234.9267x61259,678.368.1894,+1-350-686-1678x66091
Pamela Smith,236.579.6443x56581,001-501-437-7611,485.846.3287x5069,796.557.2051x00704
Richard Holmes,955-487-9329x316,653.861.7928x31970,+1-216-951-9707x41035,(251)205-1870x656
Paul Kent,(669)442-8317,001-354-336-1628,475-276-1721x2442,855-302-4722x4616
